<?xml version="1.0" encoding="UTF-8"?>
<c3p0-config>
  <default-config>
	<property name="driverClass">com.mysql.jdbc.Driver</property>
	<property name="jdbcUrl">jdbc:mysql://localhost:3306/management</property>
	<property name="user">root</property>
	<property name="password">123456</property>
	<property name="minPoolSize">5</property>
	<property name="maxPoolSize">100</property>
	<property name="acquireIncrement">5</property>
	<property name="maxIdleTime">3000</property>
	<property name="maxStatements">100</property>
  </default-config>
</c3p0-config>